{"autoplayTransitionDelay":5,"author":"","timestamp":"2021-32-8 2:11:8","loopSlideshow":0,"filename":"gameDoorOfDarkness","autoplayBuildDelay":2,"comment":"","title":"gameDoorOfDarkness","showMode":0,"creator":"Apple Keynote 11.1","slideList":["F6E220B5-D411-4590-ABDF-84B75985DAC4","09D9ADFD-E144-4D23-A320-02BF5756D9BE","D358126D-1A5C-4BC9-982D-6B28B0A94660","C78C595C-AEE2-4A2B-9A6C-B5C05403C7BE","884C0852-BFED-41A1-B8C8-F71D2BEFA9D0","0CF34553-62FF-44D1-AF5B-4518BEC84151","846408CD-E07E-4B6E-95D4-27E4D45975FF","C1D7195E-E2FE-4CB8-A796-6630CEF85A55","8A87EF95-5EFB-4D8E-A9CC-24F6334D1FA3","6262E6F7-D2EE-4658-950B-67130470617F","B7DE783B-ABB5-4FB6-BDE4-C22FD256B5FD","6DDEAAC4-A16C-43EE-94D4-903247378A5E","6BF62E38-F6BF-46C9-A7AE-20AEDF04BA42","A2BD04D1-50DF-4AE5-BC34-11D15F2CC181","0C821649-7F35-4100-B319-3A703BBE50EE","BC22BF84-FA02-4F0E-B632-42133637D1A3","8F441AB5-E872-4A44-95FF-B92E41289685","945FBF30-C6B9-4D1D-AE78-A3F971A3D27C","29D8AB1B-30B8-4D7F-8041-32EBF967ED12","6EEB394D-9008-4ABD-9E0B-C7C5E6E871C6","6384342E-4235-4C40-BD58-E77C52C039EA","E46DE5B0-3EC2-4CB2-AD1B-6B6D2E5D7281"],"soundtrack":{"mode":0,"volume":1},"slideWidth":1920,"slideHeight":1080,"slideCount":22,"majorVersion":1,"minorVersion":2,"fonts":["AmericanTypewriter","HelveticaNeue-Bold","HelveticaNeue","Typeka-Mix","Helvetica","Typeka-Regular","HelveticaNeue-Medium","Typeka-Bold"]}